"STATION","NAME","LATITUDE","LONGITUDE","ELEVATION","DATE","PRCP","PRCP_ATTRIBUTES","SNOW","SNOW_ATTRIBUTES","SNWD","SNWD_ATTRIBUTES","TAVG","TAVG_ATTRIBUTES","TMAX","TMAX_ATTRIBUTES","TMIN","TMIN_ATTRIBUTES","TOBS","TOBS_ATTRIBUTES"
"USW00023272","SAN FRANCISCO DOWNTOWN, CA US","37.7705","-122.4269","45.7","2017-01-01","0.05",",,W,2400",,,,,,,"52",",,W","45",",,W",,
"USW00023272","SAN FRANCISCO DOWNTOWN, CA US","37.7705","-122.4269","45.7","2017-01-02","0.10",",,W,2400",,,,,,,"51",",,W","43",",,W",,
"USW00023272","SAN FRANCISCO DOWNTOWN, CA US","37.7705","-122.4269","45.7","2017-01-03","0.40",",,W,2400",,,,,,,"58",",,W","47",",,W",,
"USW00023272","SAN FRANCISCO DOWNTOWN, CA US","37.7705","-122.4269","45.7","2017-01-04","0.89",",,W,2400",,,,,,,"58",",,W","46",",,W",,
"USW00023272","SAN FRANCISCO DOWNTOWN, CA US","37.7705","-122.4269","45.7","2017-01-05","0.01",",,W,2400",,,,,,,"50",",,W","42",",,W",,
"USW00023272","SAN FRANCISCO DOWNTOWN, CA US","37.7705","-122.4269","45.7","2017-01-06","0.00",",,W,2400",,,,,,,"50",",,W","39",",,W",,
"USW00023272","SAN FRANCISCO DOWNTOWN, CA US","37.7705","-122.4269","45.7","2017-01-07","0.82",",,W,2400",,,,,,,"60",",,W","44",",,W",,
"USW00023272","SAN FRANCISCO DOWNTOWN, CA US","37.7705","-122.4269","45.7","2017-01-08","1.46",",,W,2400",,,,,,,"63",",,W","55",",,W",,
"USW00023272","SAN FRANCISCO DOWNTOWN, CA US","37.7705","-122.4269","45.7","2017-01-09","0.17",",,W,2400",,,,,,,"59",",,W","53",",,W",,
"USW00023272","SAN FRANCISCO DOWNTOWN, CA US","37.7705","-122.4269","45.7","2017-01-10","1.27",",,W,2400",,,,,,,"59",",,W","53",",,W",,
"USW00023272","SAN FRANCISCO DOWNTOWN, CA US","37.7705","-122.4269","45.7","2017-01-11","0.13",",,W,2400",,,,,,,"55",",,W","47",",,W",,
"USW00023272","SAN FRANCISCO DOWNTOWN, CA US","37.7705","-122.4269","45.7","2017-01-12","0.30",",,W,2400",,,,,,,"51",",,W","44",",,W",,
"USW00023272","SAN FRANCISCO DOWNTOWN, CA US","37.7705","-122.4269","45.7","2017-01-13","0.00",",,W,2400",,,,,,,"57",",,W","42",",,W",,
"USW00023272","SAN FRANCISCO DOWNTOWN, CA US","37.7705","-122.4269","45.7","2017-01-14","0.00",",,W,2400",,,,,,,"59",",,W","44",",,W",,
"USW00023272","SAN FRANCISCO DOWNTOWN, CA US","37.7705","-122.4269","45.7","2017-01-15","0.00",",,W,2400",,,,,,,"53",",,W","43",",,W",,
"USW00023272","SAN FRANCISCO DOWNTOWN, CA US","37.7705","-122.4269","45.7","2017-01-16","0.00",",,W,2400",,,,,,,"54",",,W","43",",,W",,
"USW00023272","SAN FRANCISCO DOWNTOWN, CA US","37.7705","-122.4269","45.7","2017-01-17","0.00",",,W,2400",,,,,,,"52",",,W","43",",,W",,
"USW00023272","SAN FRANCISCO DOWNTOWN, CA US","37.7705","-122.4269","45.7","2017-01-18","0.85",",,W,2400",,,,,,,"53",",,W","47",",,W",,
"USW00023272","SAN FRANCISCO DOWNTOWN, CA US","37.7705","-122.4269","45.7","2017-01-19","0.21",",,W,2400",,,,,,,"57",",,W","49",",,W",,
"USW00023272","SAN FRANCISCO DOWNTOWN, CA US","37.7705","-122.4269","45.7","2017-01-20","1.05",",,W,2400",,,,,,,"55",",,W","45",",,W",,
"USW00023272","SAN FRANCISCO DOWNTOWN, CA US","37.7705","-122.4269","45.7","2017-01-21","0.46",",,W,2400",,,,,,,"55",",,W","48",",,W",,
"USW00023272","SAN FRANCISCO DOWNTOWN, CA US","37.7705","-122.4269","45.7","2017-01-22","0.99",",,W,2400",,,,,,,"57",",,W","46",",,W",,
"USW00023272","SAN FRANCISCO DOWNTOWN, CA US","37.7705","-122.4269","45.7","2017-01-23","0.26",",,W,2400",,,,,,,"53",",,W","45",",,W",,
"USW00023272","SAN FRANCISCO DOWNTOWN, CA US","37.7705","-122.4269","45.7","2017-01-24","0.00",",,W,2400",,,,,,,"53",",,W","44",",,W",,
"USW00023272","SAN FRANCISCO DOWNTOWN, CA US","37.7705","-122.4269","45.7","2017-01-25","0.00",",,W,2400",,,,,,,"55",",,W","43",",,W",,
"USW00023272","SAN FRANCISCO DOWNTOWN, CA US","37.7705","-122.4269","45.7","2017-01-26","0.00",",,W,2400",,,,,,,"55",",,W","46",",,W",,
"USW00023272","SAN FRANCISCO DOWNTOWN, CA US","37.7705","-122.4269","45.7","2017-01-27","0.00",",,W,2400",,,,,,,"59",",,W","47",",,W",,
"USW00023272","SAN FRANCISCO DOWNTOWN, CA US","37.7705","-122.4269","45.7","2017-01-28","0.00",",,W,2400",,,,,,,"61",",,W","46",",,W",,
"USW00023272","SAN FRANCISCO DOWNTOWN, CA US","37.7705","-122.4269","45.7","2017-01-29","0.00",",,W,2400",,,,,,,"62",",,W","46",",,W",,
"USW00023272","SAN FRANCISCO DOWNTOWN, CA US","37.7705","-122.4269","45.7","2017-01-30","0.00",",,W,2400",,,,,,,"61",",,W","47",",,W",,
"USW00023272","SAN FRANCISCO DOWNTOWN, CA US","37.7705","-122.4269","45.7","2017-01-31","0.00",",,W,2400",,,,,,,"59",",,W","47",",,W",,
"USW00023272","SAN FRANCISCO DOWNTOWN, CA US","37.7705","-122.4269","45.7","2017-02-01","0.00",",,W,2400",,,,,,,"56",",,W","50",",,W",,
"USW00023272","SAN FRANCISCO DOWNTOWN, CA US","37.7705","-122.4269","45.7","2017-02-02","0.12",",,W,2400",,,,,,,"62",",,W","50",",,W",,
"USW00023272","SAN FRANCISCO DOWNTOWN, CA US","37.7705","-122.4269","45.7","2017-02-03","0.41",",,W,2400",,,,,,,"60",",,W","54",",,W",,
"USW00023272","SAN FRANCISCO DOWNTOWN, CA US","37.7705","-122.4269","45.7","2017-02-04","0.28",",,W,2400",,,,,,,"59",",,W","53",",,W",,
"USW00023272","SAN FRANCISCO DOWNTOWN, CA US","37.7705","-122.4269","45.7","2017-02-05","0.16",",,W,2400",,,,,,,"61",",,W","51",",,W",,
"USW00023272","SAN FRANCISCO DOWNTOWN, CA US","37.7705","-122.4269","45.7","2017-02-06","0.50",",,W,2400",,,,,,,"58",",,W","54",",,W",,
"USW00023272","SAN FRANCISCO DOWNTOWN, CA US","37.7705","-122.4269","45.7","2017-02-07","0.83",",,W,2400",,,,,,,"61",",,W","55",",,W",,
"USW00023272","SAN FRANCISCO DOWNTOWN, CA US","37.7705","-122.4269","45.7","2017-02-08","0.34",",,W,2400",,,,,,,"63",",,W","56",",,W",,
"USW00023272","SAN FRANCISCO DOWNTOWN, CA US","37.7705","-122.4269","45.7","2017-02-09","0.69",",,W,2400",,,,,,,"62",",,W","57",",,W",,
"USW00023272","SAN FRANCISCO DOWNTOWN, CA US","37.7705","-122.4269","45.7","2017-02-10","0.08",",,W,2400",,,,,,,"60",",,W","50",",,W",,
"USW00023272","SAN FRANCISCO DOWNTOWN, CA US","37.7705","-122.4269","45.7","2017-02-11","0.00",",,W,2400",,,,,,,"60",",,W","47",",,W",,
"USW00023272","SAN FRANCISCO DOWNTOWN, CA US","37.7705","-122.4269","45.7","2017-02-12","0.00",",,W,2400",,,,,,,"64",",,W","47",",,W",,
"USW00023272","SAN FRANCISCO DOWNTOWN, CA US","37.7705","-122.4269","45.7","2017-02-13","0.00",",,W,2400",,,,,,,"63",",,W","49",",,W",,
"USW00023272","SAN FRANCISCO DOWNTOWN, CA US","37.7705","-122.4269","45.7","2017-02-14","0.00",",,W,2400",,,,,,,"67",",,W","51",",,W",,
"USW00023272","SAN FRANCISCO DOWNTOWN, CA US","37.7705","-122.4269","45.7","2017-02-15","0.00",",,W,2400",,,,,,,"65",",,W","53",",,W",,
"USW00023272","SAN FRANCISCO DOWNTOWN, CA US","37.7705","-122.4269","45.7","2017-02-16","0.36",",,W,2400",,,,,,,"63",",,W","55",",,W",,
"USW00023272","SAN FRANCISCO DOWNTOWN, CA US","37.7705","-122.4269","45.7","2017-02-17","1.05",",,W,2400","0.0",",,H","0.0",",,H",,,"58",",,W","53",",,W",,
"USW00023272","SAN FRANCISCO DOWNTOWN, CA US","37.7705","-122.4269","45.7","2017-02-18","0.12",",,W,2400",,,,,,,"55",",,W","51",",,W",,
"USW00023272","SAN FRANCISCO DOWNTOWN, CA US","37.7705","-122.4269","45.7","2017-02-19","0.13",",,W,2400",,,,,,,"56",",,W","48",",,W",,
"USW00023272","SAN FRANCISCO DOWNTOWN, CA US","37.7705","-122.4269","45.7","2017-02-20","1.83",",,W,2400",,,,,,,"59",",,W","53",",,W",,
"USW00023272","SAN FRANCISCO DOWNTOWN, CA US","37.7705","-122.4269","45.7","2017-02-21","0.45",",,W,2400",,,,,,,"60",",,W","50",",,W",,
"USW00023272","SAN FRANCISCO DOWNTOWN, CA US","37.7705","-122.4269","45.7","2017-02-22","0.00",",,W,2400",,,,,,,"54",",,W","45",",,W",,
"USW00023272","SAN FRANCISCO DOWNTOWN, CA US","37.7705","-122.4269","45.7","2017-02-23","0.00",",,W,2400",,,,,,,"52",",,W","43",",,W",,
"USW00023272","SAN FRANCISCO DOWNTOWN, CA US","37.7705","-122.4269","45.7","2017-02-24","0.01",",,W,2400",,,,,,,"54",",,W","41",",,W",,
"USW00023272","SAN FRANCISCO DOWNTOWN, CA US","37.7705","-122.4269","45.7","2017-02-25","0.02",",,W,2400",,,,,,,"56",",,W","44",",,W",,
"USW00023272","SAN FRANCISCO DOWNTOWN, CA US","37.7705","-122.4269","45.7","2017-02-26","0.17",",,W,2400",,,,,,,"56",",,W","43",",,W",,
"USW00023272","SAN FRANCISCO DOWNTOWN, CA US","37.7705","-122.4269","45.7","2017-02-27","0.05",",,W,2400",,,,,,,"55",",,W","43",",,W",,
"USW00023272","SAN FRANCISCO DOWNTOWN, CA US","37.7705","-122.4269","45.7","2017-02-28","0.00",",,W,2400",,,,,,,"57",",,W","44",",,W",,
"USW00023272","SAN FRANCISCO DOWNTOWN, CA US","37.7705","-122.4269","45.7","2017-03-01","0.00",",,W,2400",,,,,,,"62",",,W","44",",,W",,
"USW00023272","SAN FRANCISCO DOWNTOWN, CA US","37.7705","-122.4269","45.7","2017-03-02","0.00",",,W,2400",,,,,,,"65",",,W","46",",,W",,
"USW00023272","SAN FRANCISCO DOWNTOWN, CA US","37.7705","-122.4269","45.7","2017-03-03","0.00",",,W,2400",,,,,,,"62",",,W","48",",,W",,
"USW00023272","SAN FRANCISCO DOWNTOWN, CA US","37.7705","-122.4269","45.7","2017-03-04","1.05",",,W,2400",,,,,,,"60",",,W","49",",,W",,
"USW00023272","SAN FRANCISCO DOWNTOWN, CA US","37.7705","-122.4269","45.7","2017-03-05","0.29",",,W,2400",,,,,,,"51",",,W","43",",,W",,
"USW00023272","SAN FRANCISCO DOWNTOWN, CA US","37.7705","-122.4269","45.7","2017-03-06","0.39",",,W,2400",,,,,,,"55",",,W","42",",,W",,
"USW00023272","SAN FRANCISCO DOWNTOWN, CA US","37.7705","-122.4269","45.7","2017-03-07","0.00",",,W,2400",,,,,,,"58",",,W","45",",,W",,
"USW00023272","SAN FRANCISCO DOWNTOWN, CA US","37.7705","-122.4269","45.7","2017-03-08","0.00",",,W,2400",,,,,,,"63",",,W","48",",,W",,
"USW00023272","SAN FRANCISCO DOWNTOWN, CA US","37.7705","-122.4269","45.7","2017-03-09","0.00",",,W,2400",,,,,,,"68",",,W","51",",,W",,
"USW00023272","SAN FRANCISCO DOWNTOWN, CA US","37.7705","-122.4269","45.7","2017-03-10","0.00",",,W,2400",,,,,,,"70",",,W","53",",,W",,
"USW00023272","SAN FRANCISCO DOWNTOWN, CA US","37.7705","-122.4269","45.7","2017-03-11","0.00",",,W,2400",,,,,,,"65",",,W","51",",,W",,
"USW00023272","SAN FRANCISCO DOWNTOWN, CA US","37.7705","-122.4269","45.7","2017-03-12","0.00",",,W,2400",,,,,,,"73",",,W","51",",,W",,
"USW00023272","SAN FRANCISCO DOWNTOWN, CA US","37.7705","-122.4269","45.7","2017-03-13","0.00",",,W,2400",,,,,,,"76",",,W","51",",,W",,
"USW00023272","SAN FRANCISCO DOWNTOWN, CA US","37.7705","-122.4269","45.7","2017-03-14","0.00",",,W,2400",,,,,,,"76",",,W","55",",,W",,
"USW00023272","SAN FRANCISCO DOWNTOWN, CA US","37.7705","-122.4269","45.7","2017-03-15","0.00",",,W,2400",,,,,,,"59",",,W","51",",,W",,
"USW00023272","SAN FRANCISCO DOWNTOWN, CA US","37.7705","-122.4269","45.7","2017-03-16","0.00",",,W,2400",,,,,,,"63",",,W","53",",,W",,
"USW00023272","SAN FRANCISCO DOWNTOWN, CA US","37.7705","-122.4269","45.7","2017-03-17","0.00",",,W,2400",,,,,,,"76",",,W","51",",,W",,
"USW00023272","SAN FRANCISCO DOWNTOWN, CA US","37.7705","-122.4269","45.7","2017-03-18","0.00",",,W,2400",,,,,,,"64",",,W","53",",,W",,
"USW00023272","SAN FRANCISCO DOWNTOWN, CA US","37.7705","-122.4269","45.7","2017-03-19","0.00",",,W,2400",,,,,,,"64",",,W","53",",,W",,
"USW00023272","SAN FRANCISCO DOWNTOWN, CA US","37.7705","-122.4269","45.7","2017-03-20","0.86",",,W,2400",,,,,,,"61",",,W","54",",,W",,
"USW00023272","SAN FRANCISCO DOWNTOWN, CA US","37.7705","-122.4269","45.7","2017-03-21","0.61",",,W,2400",,,,,,,"64",",,W","55",",,W",,
"USW00023272","SAN FRANCISCO DOWNTOWN, CA US","37.7705","-122.4269","45.7","2017-03-22","0.09",",,W,2400",,,,,,,"59",",,W","50",",,W",,
"USW00023272","SAN FRANCISCO DOWNTOWN, CA US","37.7705","-122.4269","45.7","2017-03-23","0.00",",,W,2400",,,,,,,"59",",,W","49",",,W",,
"USW00023272","SAN FRANCISCO DOWNTOWN, CA US","37.7705","-122.4269","45.7","2017-03-24","0.58",",,W,2400",,,,,,,"58",",,W","52",",,W",,
"USW00023272","SAN FRANCISCO DOWNTOWN, CA US","37.7705","-122.4269","45.7","2017-03-25","0.00",",,W,2400",,,,,,,"60",",,W","50",",,W",,
"USW00023272","SAN FRANCISCO DOWNTOWN, CA US","37.7705","-122.4269","45.7","2017-03-26","0.06",",,W,2400",,,,,,,"61",",,W","51",",,W",,
"USW00023272","SAN FRANCISCO DOWNTOWN, CA US","37.7705","-122.4269","45.7","2017-03-27","0.00",",,W,2400",,,,,,,"59",",,W","50",",,W",,
"USW00023272","SAN FRANCISCO DOWNTOWN, CA US","37.7705","-122.4269","45.7","2017-03-28","0.00",",,W,2400",,,,,,,"67",",,W","50",",,W",,
"USW00023272","SAN FRANCISCO DOWNTOWN, CA US","37.7705","-122.4269","45.7","2017-03-29","0.00",",,W,2400",,,,,,,"66",",,W","53",",,W",,
"USW00023272","SAN FRANCISCO DOWNTOWN, CA US","37.7705","-122.4269","45.7","2017-03-30","0.00",",,W,2400",,,,,,,"61",",,W","51",",,W",,
"USW00023272","SAN FRANCISCO DOWNTOWN, CA US","37.7705","-122.4269","45.7","2017-03-31","0.00",",,W,2400",,,,,,,"71",",,W","54",",,W",,
"USW00023272","SAN FRANCISCO DOWNTOWN, CA US","37.7705","-122.4269","45.7","2017-04-01","0.00",",,W,2400",,,,,,,"75",",,W","53",",,W",,
"USW00023272","SAN FRANCISCO DOWNTOWN, CA US","37.7705","-122.4269","45.7","2017-04-02","0.00",",,W,2400",,,,,,,"72",",,W","52",",,W",,
"USW00023272","SAN FRANCISCO DOWNTOWN, CA US","37.7705","-122.4269","45.7","2017-04-03","0.00",",,W,2400",,,,,,,"66",",,W","49",",,W",,
"USW00023272","SAN FRANCISCO DOWNTOWN, CA US","37.7705","-122.4269","45.7","2017-04-04","0.00",",,W,2400",,,,,,,"66",",,W","50",",,W",,
"USW00023272","SAN FRANCISCO DOWNTOWN, CA US","37.7705","-122.4269","45.7","2017-04-05","0.00",",,W,2400",,,,,,,"73",",,W","52",",,W",,
"USW00023272","SAN FRANCISCO DOWNTOWN, CA US","37.7705","-122.4269","45.7","2017-04-06","0.92",",,W,2400",,,,,,,"63",",,W","48",",,W",,
"USW00023272","SAN FRANCISCO DOWNTOWN, CA US","37.7705","-122.4269","45.7","2017-04-07","0.18",",,W,2400",,,,,,,"63",",,W","48",",,W",,
"USW00023272","SAN FRANCISCO DOWNTOWN, CA US","37.7705","-122.4269","45.7","2017-04-08","0.12",",,W,2400",,,,,,,"54",",,W","46",",,W",,
"USW00023272","SAN FRANCISCO DOWNTOWN, CA US","37.7705","-122.4269","45.7","2017-04-09","0.00",",,W,2400",,,,,,,"59",",,W","45",",,W",,
"USW00023272","SAN FRANCISCO DOWNTOWN, CA US","37.7705","-122.4269","45.7","2017-04-10","0.00",",,W,2400",,,,,,,"63",",,W","48",",,W",,
"USW00023272","SAN FRANCISCO DOWNTOWN, CA US","37.7705","-122.4269","45.7","2017-04-11","0.16",",,W,2400",,,,,,,"64",",,W","53",",,W",,
"USW00023272","SAN FRANCISCO DOWNTOWN, CA US","37.7705","-122.4269","45.7","2017-04-12","0.15",",,W,2400",,,,,,,"66",",,W","53",",,W",,
"USW00023272","SAN FRANCISCO DOWNTOWN, CA US","37.7705","-122.4269","45.7","2017-04-13","0.04",",,W,2400",,,,,,,"57",",,W","49",",,W",,
"USW00023272","SAN FRANCISCO DOWNTOWN, CA US","37.7705","-122.4269","45.7","2017-04-14","0.00",",,W,2400",,,,,,,"59",",,W","47",",,W",,
"USW00023272","SAN FRANCISCO DOWNTOWN, CA US","37.7705","-122.4269","45.7","2017-04-15","0.00",",,W,2400",,,,,,,"66",",,W","49",",,W",,
"USW00023272","SAN FRANCISCO DOWNTOWN, CA US","37.7705","-122.4269","45.7","2017-04-16","0.20",",,W,2400",,,,,,,"58",",,W","51",",,W",,
"USW00023272","SAN FRANCISCO DOWNTOWN, CA US","37.7705","-122.4269","45.7","2017-04-17","0.27",",,W,2400",,,,,,,"62",",,W","54",",,W",,
"USW00023272","SAN FRANCISCO DOWNTOWN, CA US","37.7705","-122.4269","45.7","2017-04-18","0.03",",,W,2400",,,,,,,"63",",,W","53",",,W",,
"USW00023272","SAN FRANCISCO DOWNTOWN, CA US","37.7705","-122.4269","45.7","2017-04-19","0.14",",,W,2400",,,,,,,"66",",,W","53",",,W",,
"USW00023272","SAN FRANCISCO DOWNTOWN, CA US","37.7705","-122.4269","45.7","2017-04-20","0.01",",,W,2400",,,,,,,"63",",,W","54",",,W",,
"USW00023272","SAN FRANCISCO DOWNTOWN, CA US","37.7705","-122.4269","45.7","2017-04-21","0.00",",,W,2400",,,,,,,"72",",,W","53",",,W",,
"USW00023272","SAN FRANCISCO DOWNTOWN, CA US","37.7705","-122.4269","45.7","2017-04-22","0.00",",,W,2400",,,,,,,"62",",,W","52",",,W",,
"USW00023272","SAN FRANCISCO DOWNTOWN, CA US","37.7705","-122.4269","45.7","2017-04-23","0.00",",,W,2400",,,,,,,"60",",,W","52",",,W",,
"USW00023272","SAN FRANCISCO DOWNTOWN, CA US","37.7705","-122.4269","45.7","2017-04-24","0.00",",,W,2400",,,,,,,"60",",,W","52",",,W",,
"USW00023272","SAN FRANCISCO DOWNTOWN, CA US","37.7705","-122.4269","45.7","2017-04-25","0.00",",,W,2400",,,,,,,"61",",,W","53",",,W",,
"USW00023272","SAN FRANCISCO DOWNTOWN, CA US","37.7705","-122.4269","45.7","2017-04-26","0.03",",,W,2400",,,,,,,"60",",,W","53",",,W",,
"USW00023272","SAN FRANCISCO DOWNTOWN, CA US","37.7705","-122.4269","45.7","2017-04-27","0.00",",,W,2400",,,,,,,"64",",,W","51",",,W",,
"USW00023272","SAN FRANCISCO DOWNTOWN, CA US","37.7705","-122.4269","45.7","2017-04-28","0.00",",,W,2400",,,,,,,"67",",,W","50",",,W",,
"USW00023272","SAN FRANCISCO DOWNTOWN, CA US","37.7705","-122.4269","45.7","2017-04-29","0.00",",,W,2400",,,,,,,"75",",,W","55",",,W",,
"USW00023272","SAN FRANCISCO DOWNTOWN, CA US","37.7705","-122.4269","45.7","2017-04-30","0.00",",,W,2400",,,,,,,"72",",,W","52",",,W",,
"USW00023272","SAN FRANCISCO DOWNTOWN, CA US","37.7705","-122.4269","45.7","2017-05-01","0.00",",,W,2400",,,,,,,"81",",,W","55",",,W",,
"USW00023272","SAN FRANCISCO DOWNTOWN, CA US","37.7705","-122.4269","45.7","2017-05-02","0.00",",,W,2400",,,,,,,"83",",,W","57",",,W",,
"USW00023272","SAN FRANCISCO DOWNTOWN, CA US","37.7705","-122.4269","45.7","2017-05-03","0.00",",,W,2400",,,,,,,"82",",,W","53",",,W",,
"USW00023272","SAN FRANCISCO DOWNTOWN, CA US","37.7705","-122.4269","45.7","2017-05-04","0.00",",,W,2400",,,,,,,"59",",,W","50",",,W",,
"USW00023272","SAN FRANCISCO DOWNTOWN, CA US","37.7705","-122.4269","45.7","2017-05-05","0.00",",,W,2400",,,,,,,"60",",,W","50",",,W",,
"USW00023272","SAN FRANCISCO DOWNTOWN, CA US","37.7705","-122.4269","45.7","2017-05-06","0.00",",,W,2400",,,,,,,"61",",,W","49",",,W",,
"USW00023272","SAN FRANCISCO DOWNTOWN, CA US","37.7705","-122.4269","45.7","2017-05-07","0.00",",,W,2400",,,,,,,"65",",,W","50",",,W",,
"USW00023272","SAN FRANCISCO DOWNTOWN, CA US","37.7705","-122.4269","45.7","2017-05-08","0.00",",,W,2400",,,,,,,"65",",,W","50",",,W",,
"USW00023272","SAN FRANCISCO DOWNTOWN, CA US","37.7705","-122.4269","45.7","2017-05-09","0.00",",,W,2400",,,,,,,"67",",,W","51",",,W",,
"USW00023272","SAN FRANCISCO DOWNTOWN, CA US","37.7705","-122.4269","45.7","2017-05-10","0.00",",,W,2400",,,,,,,"60",",,W","52",",,W",,
"USW00023272","SAN FRANCISCO DOWNTOWN, CA US","37.7705","-122.4269","45.7","2017-05-11","0.00",",,W,2400",,,,,,,"63",",,W","51",",,W",,
"USW00023272","SAN FRANCISCO DOWNTOWN, CA US","37.7705","-122.4269","45.7","2017-05-12","0.00",",,W,2400",,,,,,,"60",",,W","51",",,W",,
"USW00023272","SAN FRANCISCO DOWNTOWN, CA US","37.7705","-122.4269","45.7","2017-05-13","0.00",",,W,2400",,,,,,,"60",",,W","49",",,W",,
"USW00023272","SAN FRANCISCO DOWNTOWN, CA US","37.7705","-122.4269","45.7","2017-05-14","0.00",",,W,2400",,,,,,,"61",",,W","48",",,W",,
"USW00023272","SAN FRANCISCO DOWNTOWN, CA US","37.7705","-122.4269","45.7","2017-05-15","0.00",",,W,2400",,,,,,,"61",",,W","49",",,W",,
"USW00023272","SAN FRANCISCO DOWNTOWN, CA US","37.7705","-122.4269","45.7","2017-05-16","0.00",",,W,2400",,,,,,,"59",",,W","49",",,W",,
"USW00023272","SAN FRANCISCO DOWNTOWN, CA US","37.7705","-122.4269","45.7","2017-05-17","0.00",",,W,2400",,,,,,,"64",",,W","50",",,W",,
"USW00023272","SAN FRANCISCO DOWNTOWN, CA US","37.7705","-122.4269","45.7","2017-05-18","0.00",",,W,2400",,,,,,,"71",",,W","50",",,W",,
"USW00023272","SAN FRANCISCO DOWNTOWN, CA US","37.7705","-122.4269","45.7","2017-05-19","0.00",",,W,2400",,,,,,,"75",",,W","53",",,W",,
"USW00023272","SAN FRANCISCO DOWNTOWN, CA US","37.7705","-122.4269","45.7","2017-05-20","0.00",",,W,2400",,,,,,,"77",",,W","51",",,W",,
"USW00023272","SAN FRANCISCO DOWNTOWN, CA US","37.7705","-122.4269","45.7","2017-05-21","0.00",",,W,2400",,,,,,,"69",",,W","52",",,W",,
"USW00023272","SAN FRANCISCO DOWNTOWN, CA US","37.7705","-122.4269","45.7","2017-05-22","0.00",",,W,2400",,,,,,,"63",",,W","51",",,W",,
"USW00023272","SAN FRANCISCO DOWNTOWN, CA US","37.7705","-122.4269","45.7","2017-05-23","0.00",",,W,2400",,,,,,,"62",",,W","52",",,W",,
"USW00023272","SAN FRANCISCO DOWNTOWN, CA US","37.7705","-122.4269","45.7","2017-05-24","0.00",",,W,2400",,,,,,,"61",",,W","51",",,W",,
"USW00023272","SAN FRANCISCO DOWNTOWN, CA US","37.7705","-122.4269","45.7","2017-05-25","0.00",",,W,2400",,,,,,,"62",",,W","53",",,W",,
"USW00023272","SAN FRANCISCO DOWNTOWN, CA US","37.7705","-122.4269","45.7","2017-05-26","0.00",",,W,2400",,,,,,,"62",",,W","53",",,W",,
"USW00023272","SAN FRANCISCO DOWNTOWN, CA US","37.7705","-122.4269","45.7","2017-05-27","0.00",",,W,2400",,,,,,,"62",",,W","53",",,W",,
"USW00023272","SAN FRANCISCO DOWNTOWN, CA US","37.7705","-122.4269","45.7","2017-05-28","0.00",",,W,2400",,,,,,,"61",",,W","52",",,W",,
"USW00023272","SAN FRANCISCO DOWNTOWN, CA US","37.7705","-122.4269","45.7","2017-05-29","0.00",",,W,2400",,,,,,,"58",",,W","51",",,W",,
"USW00023272","SAN FRANCISCO DOWNTOWN, CA US","37.7705","-122.4269","45.7","2017-05-30","0.00",",,W,2400",,,,,,,"58",",,W","51",",,W",,
"USW00023272","SAN FRANCISCO DOWNTOWN, CA US","37.7705","-122.4269","45.7","2017-05-31","0.00",",,W,2400",,,,,,,"64",",,W","52",",,W",,
"USW00023272","SAN FRANCISCO DOWNTOWN, CA US","37.7705","-122.4269","45.7","2017-06-01","0.00",",,W,2400",,,,,,,"65",",,W","53",",,W",,
"USW00023272","SAN FRANCISCO DOWNTOWN, CA US","37.7705","-122.4269","45.7","2017-06-02","0.00",",,W,2400",,,,,,,"68",",,W","52",",,W",,
"USW00023272","SAN FRANCISCO DOWNTOWN, CA US","37.7705","-122.4269","45.7","2017-06-03","0.00",",,W,2400",,,,,,,"63",",,W","52",",,W",,
"USW00023272","SAN FRANCISCO DOWNTOWN, CA US","37.7705","-122.4269","45.7","2017-06-04","0.00",",,W,2400",,,,,,,"63",",,W","52",",,W",,
"USW00023272","SAN FRANCISCO DOWNTOWN, CA US","37.7705","-122.4269","45.7","2017-06-05","0.00",",,W,2400",,,,,,,"69",",,W","51",",,W",,
"USW00023272","SAN FRANCISCO DOWNTOWN, CA US","37.7705","-122.4269","45.7","2017-06-06","0.00",",,W,2400",,,,,,,"61",",,W","51",",,W",,
"USW00023272","SAN FRANCISCO DOWNTOWN, CA US","37.7705","-122.4269","45.7","2017-06-07","0.00",",,W,2400",,,,,,,"62",",,W","52",",,W",,
"USW00023272","SAN FRANCISCO DOWNTOWN, CA US","37.7705","-122.4269","45.7","2017-06-08","0.10",",,W,2400",,,,,,,"62",",,W","57",",,W",,
"USW00023272","SAN FRANCISCO DOWNTOWN, CA US","37.7705","-122.4269","45.7","2017-06-09","0.00",",,W,2400",,,,,,,"63",",,W","54",",,W",,
"USW00023272","SAN FRANCISCO DOWNTOWN, CA US","37.7705","-122.4269","45.7","2017-06-10","0.00",",,W,2400",,,,,,,"64",",,W","53",",,W",,
"USW00023272","SAN FRANCISCO DOWNTOWN, CA US","37.7705","-122.4269","45.7","2017-06-11","0.00",",,W,2400",,,,,,,"60",",,W","52",",,W",,
"USW00023272","SAN FRANCISCO DOWNTOWN, CA US","37.7705","-122.4269","45.7","2017-06-12","0.00",",,W,2400",,,,,,,"65",",,W","52",",,W",,
"USW00023272","SAN FRANCISCO DOWNTOWN, CA US","37.7705","-122.4269","45.7","2017-06-13","0.00",",,W,2400",,,,,,,"66",",,W","52",",,W",,
"USW00023272","SAN FRANCISCO DOWNTOWN, CA US","37.7705","-122.4269","45.7","2017-06-14","0.00",",,W,2400",,,,,,,"72",",,W","52",",,W",,
"USW00023272","SAN FRANCISCO DOWNTOWN, CA US","37.7705","-122.4269","45.7","2017-06-15","0.00",",,W,2400",,,,,,,"70",",,W","53",",,W",,
"USW00023272","SAN FRANCISCO DOWNTOWN, CA US","37.7705","-122.4269","45.7","2017-06-16","0.00",",,W,2400",,,,,,,"72",",,W","58",",,W",,
"USW00023272","SAN FRANCISCO DOWNTOWN, CA US","37.7705","-122.4269","45.7","2017-06-17","0.00",",,W,2400",,,,,,,"77",",,W","58",",,W",,
"USW00023272","SAN FRANCISCO DOWNTOWN, CA US","37.7705","-122.4269","45.7","2017-06-18","0.00",",,W,2400",,,,,,,"88",",,W","61",",,W",,
"USW00023272","SAN FRANCISCO DOWNTOWN, CA US","37.7705","-122.4269","45.7","2017-06-19","0.00",",,W,2400",,,,,,,"77",",,W","57",",,W",,
"USW00023272","SAN FRANCISCO DOWNTOWN, CA US","37.7705","-122.4269","45.7","2017-06-20","0.00",",,W,2400",,,,,,,"71",",,W","55",",,W",,
"USW00023272","SAN FRANCISCO DOWNTOWN, CA US","37.7705","-122.4269","45.7","2017-06-21","0.00",",,W,2400",,,,,,,"71",",,W","53",",,W",,
"USW00023272","SAN FRANCISCO DOWNTOWN, CA US","37.7705","-122.4269","45.7","2017-06-22","0.00",",,W,2400",,,,,,,"72",",,W","56",",,W",,
"USW00023272","SAN FRANCISCO DOWNTOWN, CA US","37.7705","-122.4269","45.7","2017-06-23","0.00",",,W,2400",,,,,,,"66",",,W","55",",,W",,
"USW00023272","SAN FRANCISCO DOWNTOWN, CA US","37.7705","-122.4269","45.7","2017-06-24","0.00",",,W,2400",,,,,,,"64",",,W","55",",,W",,
"USW00023272","SAN FRANCISCO DOWNTOWN, CA US","37.7705","-122.4269","45.7","2017-06-25","0.00",",,W,2400",,,,,,,"64",",,W","55",",,W",,
"USW00023272","SAN FRANCISCO DOWNTOWN, CA US","37.7705","-122.4269","45.7","2017-06-26","0.00",",,W,2400",,,,,,,"73",",,W","58",",,W",,
"USW00023272","SAN FRANCISCO DOWNTOWN, CA US","37.7705","-122.4269","45.7","2017-06-27","0.00",",,W,2400",,,,,,,"63",",,W","56",",,W",,
"USW00023272","SAN FRANCISCO DOWNTOWN, CA US","37.7705","-122.4269","45.7","2017-06-28","0.00",",,W,2400",,,,,,,"61",",,W","55",",,W",,
"USW00023272","SAN FRANCISCO DOWNTOWN, CA US","37.7705","-122.4269","45.7","2017-06-29","0.00",",,W,2400",,,,,,,"63",",,W","53",",,W",,
"USW00023272","SAN FRANCISCO DOWNTOWN, CA US","37.7705","-122.4269","45.7","2017-06-30","0.00",",,W,2400",,,,,,,"63",",,W","51",",,W",,
"USW00023272","SAN FRANCISCO DOWNTOWN, CA US","37.7705","-122.4269","45.7","2017-07-01","0.00",",,W,2400",,,,,,,"65",",,W","52",",,W",,
"USW00023272","SAN FRANCISCO DOWNTOWN, CA US","37.7705","-122.4269","45.7","2017-07-02","0.00",",,W,2400",,,,,,,"63",",,W","52",",,W",,
"USW00023272","SAN FRANCISCO DOWNTOWN, CA US","37.7705","-122.4269","45.7","2017-07-03","0.00",",,W,2400",,,,,,,"64",",,W","52",",,W",,
"USW00023272","SAN FRANCISCO DOWNTOWN, CA US","37.7705","-122.4269","45.7","2017-07-04","0.00",",,W,2400",,,,,,,"64",",,W","54",",,W",,
"USW00023272","SAN FRANCISCO DOWNTOWN, CA US","37.7705","-122.4269","45.7","2017-07-05","0.00",",,W,2400",,,,,,,"64",",,W","53",",,W",,
"USW00023272","SAN FRANCISCO DOWNTOWN, CA US","37.7705","-122.4269","45.7","2017-07-06","0.00",",,W,2400",,,,,,,"67",",,W","53",",,W",,
"USW00023272","SAN FRANCISCO DOWNTOWN, CA US","37.7705","-122.4269","45.7","2017-07-07","0.00",",,W,2400",,,,,,,"72",",,W","53",",,W",,
"USW00023272","SAN FRANCISCO DOWNTOWN, CA US","37.7705","-122.4269","45.7","2017-07-08","0.00",",,W,2400",,,,,,,"76",",,W","54",",,W",,
"USW00023272","SAN FRANCISCO DOWNTOWN, CA US","37.7705","-122.4269","45.7","2017-07-09","0.00",",,W,2400",,,,,,,"67",",,W","52",",,W",,
"USW00023272","SAN FRANCISCO DOWNTOWN, CA US","37.7705","-122.4269","45.7","2017-07-10","0.00",",,W,2400",,,,,,,"66",",,W","54",",,W",,
"USW00023272","SAN FRANCISCO DOWNTOWN, CA US","37.7705","-122.4269","45.7","2017-07-11","0.00",",,W,2400",,,,,,,"65",",,W","54",",,W",,
"USW00023272","SAN FRANCISCO DOWNTOWN, CA US","37.7705","-122.4269","45.7","2017-07-12","0.00",",,W,2400",,,,,,,"65",",,W","54",",,W",,
"USW00023272","SAN FRANCISCO DOWNTOWN, CA US","37.7705","-122.4269","45.7","2017-07-13","0.00",",,W,2400",,,,,,,"65",",,W","53",",,W",,
"USW00023272","SAN FRANCISCO DOWNTOWN, CA US","37.7705","-122.4269","45.7","2017-07-14","0.00",",,W,2400",,,,,,,"66",",,W","54",",,W",,
"USW00023272","SAN FRANCISCO DOWNTOWN, CA US","37.7705","-122.4269","45.7","2017-07-15","0.00",",,W,2400",,,,,,,"75",",,W","55",",,W",,
"USW00023272","SAN FRANCISCO DOWNTOWN, CA US","37.7705","-122.4269","45.7","2017-07-16","0.00",",,W,2400",,,,,,,"78",",,W","58",",,W",,
"USW00023272","SAN FRANCISCO DOWNTOWN, CA US","37.7705","-122.4269","45.7","2017-07-17","0.00",",,W,2400",,,,,,,"68",",,W","55",",,W",,
"USW00023272","SAN FRANCISCO DOWNTOWN, CA US","37.7705","-122.4269","45.7","2017-07-18","0.00",",,W,2400",,,,,,,"63",",,W","52",",,W",,
"USW00023272","SAN FRANCISCO DOWNTOWN, CA US","37.7705","-122.4269","45.7","2017-07-19","0.00",",,W,2400",,,,,,,"68",",,W","53",",,W",,
"USW00023272","SAN FRANCISCO DOWNTOWN, CA US","37.7705","-122.4269","45.7","2017-07-20","0.00",",,W,2400",,,,,,,"65",",,W","54",",,W",,
"USW00023272","SAN FRANCISCO DOWNTOWN, CA US","37.7705","-122.4269","45.7","2017-07-21","0.00",",,W,2400",,,,,,,"68",",,W","54",",,W",,
"USW00023272","SAN FRANCISCO DOWNTOWN, CA US","37.7705","-122.4269","45.7","2017-07-22","0.00",",,W,2400",,,,,,,"77",",,W","55",",,W",,
"USW00023272","SAN FRANCISCO DOWNTOWN, CA US","37.7705","-122.4269","45.7","2017-07-23","0.00",",,W,2400",,,,,,,"66",",,W","55",",,W",,
"USW00023272","SAN FRANCISCO DOWNTOWN, CA US","37.7705","-122.4269","45.7","2017-07-24","0.00",",,W,2400",,,,,,,"68",",,W","56",",,W",,
"USW00023272","SAN FRANCISCO DOWNTOWN, CA US","37.7705","-122.4269","45.7","2017-07-25","0.00",",,W,2400",,,,,,,"69",",,W","57",",,W",,
"USW00023272","SAN FRANCISCO DOWNTOWN, CA US","37.7705","-122.4269","45.7","2017-07-26","0.00",",,W,2400",,,,,,,"66",",,W","55",",,W",,
"USW00023272","SAN FRANCISCO DOWNTOWN, CA US","37.7705","-122.4269","45.7","2017-07-27","0.00",",,W,2400",,,,,,,"67",",,W","53",",,W",,
"USW00023272","SAN FRANCISCO DOWNTOWN, CA US","37.7705","-122.4269","45.7","2017-07-28","0.00",",,W,2400",,,,,,,"63",",,W","54",",,W",,
"USW00023272","SAN FRANCISCO DOWNTOWN, CA US","37.7705","-122.4269","45.7","2017-07-29","0.00",",,W,2400",,,,,,,"62",",,W","55",",,W",,
"USW00023272","SAN FRANCISCO DOWNTOWN, CA US","37.7705","-122.4269","45.7","2017-07-30","0.00",",,W,2400",,,,,,,"67",",,W","54",",,W",,
"USW00023272","SAN FRANCISCO DOWNTOWN, CA US","37.7705","-122.4269","45.7","2017-07-31","0.00",",,W,2400",,,,,,,"63",",,W","55",",,W",,
"USW00023272","SAN FRANCISCO DOWNTOWN, CA US","37.7705","-122.4269","45.7","2017-08-01","0.00",",,W,2400",,,,,,,"67",",,W","53",",,W",,
"USW00023272","SAN FRANCISCO DOWNTOWN, CA US","37.7705","-122.4269","45.7","2017-08-02","0.00",",,W,2400",,,,,,,"74",",,W","55",",,W",,
"USW00023272","SAN FRANCISCO DOWNTOWN, CA US","37.7705","-122.4269","45.7","2017-08-03","0.00",",,W,2400",,,,,,,"76",",,W","59",",,W",,
"USW00023272","SAN FRANCISCO DOWNTOWN, CA US","37.7705","-122.4269","45.7","2017-08-04","0.00",",,W,2400",,,,,,,"71",",,W","62",",,W",,
"USW00023272","SAN FRANCISCO DOWNTOWN, CA US","37.7705","-122.4269","45.7","2017-08-05","0.00",",,W,2400",,,,,,,"67",",,W","58",",,W",,
"USW00023272","SAN FRANCISCO DOWNTOWN, CA US","37.7705","-122.4269","45.7","2017-08-06","0.01",",,W,2400",,,,,,,"65",",,W","57",",,W",,
"USW00023272","SAN FRANCISCO DOWNTOWN, CA US","37.7705","-122.4269","45.7","2017-08-07","0.00",",,W,2400",,,,,,,"66",",,W","59",",,W",,
"USW00023272","SAN FRANCISCO DOWNTOWN, CA US","37.7705","-122.4269","45.7","2017-08-08","0.00",",,W,2400",,,,,,,"64",",,W","57",",,W",,
"USW00023272","SAN FRANCISCO DOWNTOWN, CA US","37.7705","-122.4269","45.7","2017-08-09","0.00",",,W,2400",,,,,,,"62",",,W","57",",,W",,
"USW00023272","SAN FRANCISCO DOWNTOWN, CA US","37.7705","-122.4269","45.7","2017-08-10","0.00",",,W,2400",,,,,,,"67",",,W","57",",,W",,
"USW00023272","SAN FRANCISCO DOWNTOWN, CA US","37.7705","-122.4269","45.7","2017-08-11","0.00",",,W,2400",,,,,,,"67",",,W","56",",,W",,
"USW00023272","SAN FRANCISCO DOWNTOWN, CA US","37.7705","-122.4269","45.7","2017-08-12","0.00",",,W,2400",,,,,,,"63",",,W","55",",,W",,
"USW00023272","SAN FRANCISCO DOWNTOWN, CA US","37.7705","-122.4269","45.7","2017-08-13","0.00",",,W,2400",,,,,,,"66",",,W","54",",,W",,
"USW00023272","SAN FRANCISCO DOWNTOWN, CA US","37.7705","-122.4269","45.7","2017-08-14","0.00",",,W,2400",,,,,,,"62",",,W","55",",,W",,
"USW00023272","SAN FRANCISCO DOWNTOWN, CA US","37.7705","-122.4269","45.7","2017-08-15","0.00",",,W,2400",,,,,,,"62",",,W","55",",,W",,
"USW00023272","SAN FRANCISCO DOWNTOWN, CA US","37.7705","-122.4269","45.7","2017-08-16","0.00",",,W,2400",,,,,,,"68",",,W","57",",,W",,
"USW00023272","SAN FRANCISCO DOWNTOWN, CA US","37.7705","-122.4269","45.7","2017-08-17","0.00",",,W,2400",,,,,,,"67",",,W","59",",,W",,
"USW00023272","SAN FRANCISCO DOWNTOWN, CA US","37.7705","-122.4269","45.7","2017-08-18","0.00",",,W,2400",,,,,,,"68",",,W","58",",,W",,
"USW00023272","SAN FRANCISCO DOWNTOWN, CA US","37.7705","-122.4269","45.7","2017-08-19","0.00",",,W,2400",,,,,,,"66",",,W","58",",,W",,
"USW00023272","SAN FRANCISCO DOWNTOWN, CA US","37.7705","-122.4269","45.7","2017-08-20","0.00",",,W,2400",,,,,,,"70",",,W","59",",,W",,
"USW00023272","SAN FRANCISCO DOWNTOWN, CA US","37.7705","-122.4269","45.7","2017-08-21","0.00",",,W,2400",,,,,,,"70",",,W","61",",,W",,
"USW00023272","SAN FRANCISCO DOWNTOWN, CA US","37.7705","-122.4269","45.7","2017-08-22","0.00",",,W,2400",,,,,,,"67",",,W","59",",,W",,
"USW00023272","SAN FRANCISCO DOWNTOWN, CA US","37.7705","-122.4269","45.7","2017-08-23","0.00",",,W,2400",,,,,,,"64",",,W","57",",,W",,
"USW00023272","SAN FRANCISCO DOWNTOWN, CA US","37.7705","-122.4269","45.7","2017-08-24","0.00",",,W,2400",,,,,,,"64",",,W","57",",,W",,
"USW00023272","SAN FRANCISCO DOWNTOWN, CA US","37.7705","-122.4269","45.7","2017-08-25","0.00",",,W,2400",,,,,,,"64",",,W","54",",,W",,
"USW00023272","SAN FRANCISCO DOWNTOWN, CA US","37.7705","-122.4269","45.7","2017-08-26","0.00",",,W,2400",,,,,,,"74",",,W","53",",,W",,
"USW00023272","SAN FRANCISCO DOWNTOWN, CA US","37.7705","-122.4269","45.7","2017-08-27","0.00",",,W,2400",,,,,,,"71",",,W","59",",,W",,
"USW00023272","SAN FRANCISCO DOWNTOWN, CA US","37.7705","-122.4269","45.7","2017-08-28","0.00",",,W,2400",,,,,,,"68",",,W","57",",,W",,
"USW00023272","SAN FRANCISCO DOWNTOWN, CA US","37.7705","-122.4269","45.7","2017-08-29","0.00",",,W,2400",,,,,,,"63",",,W","56",",,W",,
"USW00023272","SAN FRANCISCO DOWNTOWN, CA US","37.7705","-122.4269","45.7","2017-08-30","0.00",",,W,2400",,,,,,,"65",",,W","54",",,W",,
"USW00023272","SAN FRANCISCO DOWNTOWN, CA US","37.7705","-122.4269","45.7","2017-08-31","0.00",",,W,2400",,,,,,,"86",",,W","55",",,W",,
"USW00023272","SAN FRANCISCO DOWNTOWN, CA US","37.7705","-122.4269","45.7","2017-09-01","0.00",",,W,2400","0.0",",,W","0.0",",,W",,,"106",",,W","69",",,W",,
"USW00023272","SAN FRANCISCO DOWNTOWN, CA US","37.7705","-122.4269","45.7","2017-09-02","0.00",",,W,2400","0.0",",,W","0.0",",,W",,,"102",",,W","75",",,W",,
"USW00023272","SAN FRANCISCO DOWNTOWN, CA US","37.7705","-122.4269","45.7","2017-09-03","0.00",",,W,2400","0.0",",,W","0.0",",,W",,,"84",",,W","65",",,W",,
"USW00023272","SAN FRANCISCO DOWNTOWN, CA US","37.7705","-122.4269","45.7","2017-09-04","0.00",",,W,2400","0.0",",,W","0.0",",,W",,,"79",",,W","64",",,W",,
"USW00023272","SAN FRANCISCO DOWNTOWN, CA US","37.7705","-122.4269","45.7","2017-09-05","0.00",",,W,2400","0.0",",,W","0.0",",,W",,,"77",",,W","64",",,W",,
"USW00023272","SAN FRANCISCO DOWNTOWN, CA US","37.7705","-122.4269","45.7","2017-09-06","0.00",",,W,2400","0.0",",,W","0.0",",,W",,,"73",",,W","62",",,W",,
"USW00023272","SAN FRANCISCO DOWNTOWN, CA US","37.7705","-122.4269","45.7","2017-09-07","0.00",",,W,2400","0.0",",,W","0.0",",,W",,,"71",",,W","61",",,W",,
"USW00023272","SAN FRANCISCO DOWNTOWN, CA US","37.7705","-122.4269","45.7","2017-09-08","0.00",",,W,2400","0.0",",,W","0.0",",,W",,,"68",",,W","59",",,W",,
"USW00023272","SAN FRANCISCO DOWNTOWN, CA US","37.7705","-122.4269","45.7","2017-09-09","0.00",",,W,2400","0.0",",,W","0.0",",,W",,,"72",",,W","59",",,W",,
"USW00023272","SAN FRANCISCO DOWNTOWN, CA US","37.7705","-122.4269","45.7","2017-09-10","0.00",",,W,2400","0.0",",,W","0.0",",,W",,,"89",",,W","58",",,W",,
"USW00023272","SAN FRANCISCO DOWNTOWN, CA US","37.7705","-122.4269","45.7","2017-09-11","0.10",",,W,2400","0.0",",,W","0.0",",,W",,,"89",",,W","64",",,W",,
"USW00023272","SAN FRANCISCO DOWNTOWN, CA US","37.7705","-122.4269","45.7","2017-09-12","0.00",",,W,2400","0.0",",,W","0.0",",,W",,,"79",",,W","63",",,W",,
"USW00023272","SAN FRANCISCO DOWNTOWN, CA US","37.7705","-122.4269","45.7","2017-09-13","0.00",",,W,2400","0.0",",,W","0.0",",,W",,,"66",",,W","61",",,W",,
"USW00023272","SAN FRANCISCO DOWNTOWN, CA US","37.7705","-122.4269","45.7","2017-09-14","0.00",",,W,2400","0.0",",,W","0.0",",,W",,,"66",",,W","59",",,W",,
"USW00023272","SAN FRANCISCO DOWNTOWN, CA US","37.7705","-122.4269","45.7","2017-09-15","0.00",",,W,2400","0.0",",,W","0.0",",,W",,,"70",",,W","56",",,W",,
"USW00023272","SAN FRANCISCO DOWNTOWN, CA US","37.7705","-122.4269","45.7","2017-09-16","0.00",",,W,2400","0.0",",,W","0.0",",,W",,,"68",",,W","56",",,W",,
"USW00023272","SAN FRANCISCO DOWNTOWN, CA US","37.7705","-122.4269","45.7","2017-09-17","0.00",",,W,2400","0.0",",,W","0.0",",,W",,,"69",",,W","57",",,W",,
"USW00023272","SAN FRANCISCO DOWNTOWN, CA US","37.7705","-122.4269","45.7","2017-09-18","0.00",",,W,2400","0.0",",,W","0.0",",,W",,,"67",",,W","59",",,W",,
"USW00023272","SAN FRANCISCO DOWNTOWN, CA US","37.7705","-122.4269","45.7","2017-09-19","0.00",",,W,2400","0.0",",,W","0.0",",,W",,,"71",",,W","57",",,W",,
"USW00023272","SAN FRANCISCO DOWNTOWN, CA US","37.7705","-122.4269","45.7","2017-09-20","0.00",",,W,2400","0.0",",,W","0.0",",,W",,,"68",",,W","58",",,W",,
"USW00023272","SAN FRANCISCO DOWNTOWN, CA US","37.7705","-122.4269","45.7","2017-09-21","0.00",",,W,2400","0.0",",,W","0.0",",,W",,,"64",",,W","55",",,W",,
"USW00023272","SAN FRANCISCO DOWNTOWN, CA US","37.7705","-122.4269","45.7","2017-09-22","0.00",",,W,2400","0.0",",,W","0.0",",,W",,,"68",",,W","55",",,W",,
"USW00023272","SAN FRANCISCO DOWNTOWN, CA US","37.7705","-122.4269","45.7","2017-09-23","0.00",",,W,2400","0.0",",,W","0.0",",,W",,,"74",",,W","55",",,W",,
"USW00023272","SAN FRANCISCO DOWNTOWN, CA US","37.7705","-122.4269","45.7","2017-09-24","0.00",",,W,2400","0.0",",,W","0.0",",,W",,,"80",",,W","56",",,W",,
"USW00023272","SAN FRANCISCO DOWNTOWN, CA US","37.7705","-122.4269","45.7","2017-09-25","0.00",",,W,2400","0.0",",,W","0.0",",,W",,,"81",",,W","57",",,W",,
"USW00023272","SAN FRANCISCO DOWNTOWN, CA US","37.7705","-122.4269","45.7","2017-09-26","0.00",",,W,2400","0.0",",,W","0.0",",,W",,,"87",",,W","59",",,W",,
"USW00023272","SAN FRANCISCO DOWNTOWN, CA US","37.7705","-122.4269","45.7","2017-09-27","0.00",",,W,2400","0.0",",,W","0.0",",,W",,,"85",",,W","63",",,W",,
"USW00023272","SAN FRANCISCO DOWNTOWN, CA US","37.7705","-122.4269","45.7","2017-09-28","0.00",",,W,2400","0.0",",,W","0.0",",,W",,,"72",",,W","56",",,W",,
"USW00023272","SAN FRANCISCO DOWNTOWN, CA US","37.7705","-122.4269","45.7","2017-09-29","0.00",",,W,2400","0.0",",,W","0.0",",,W",,,"62",",,W","57",",,W",,
"USW00023272","SAN FRANCISCO DOWNTOWN, CA US","37.7705","-122.4269","45.7","2017-09-30","0.00",",,W,2400","0.0",",,W","0.0",",,W",,,"69",",,W","56",",,W",,
"USW00023272","SAN FRANCISCO DOWNTOWN, CA US","37.7705","-122.4269","45.7","2017-10-01","0.00",",,W,2400",,,,,,,"69",",,W","56",",,W",,
"USW00023272","SAN FRANCISCO DOWNTOWN, CA US","37.7705","-122.4269","45.7","2017-10-02","0.00",",,W,2400",,,,,,,"70",",,W","55",",,W",,
"USW00023272","SAN FRANCISCO DOWNTOWN, CA US","37.7705","-122.4269","45.7","2017-10-03","0.00",",,W,2400",,,,,,,"67",",,W","52",",,W",,
"USW00023272","SAN FRANCISCO DOWNTOWN, CA US","37.7705","-122.4269","45.7","2017-10-04","0.00",",,W,2400",,,,,,,"73",",,W","53",",,W",,
"USW00023272","SAN FRANCISCO DOWNTOWN, CA US","37.7705","-122.4269","45.7","2017-10-05","0.00",",,W,2400",,,,,,,"74",",,W","49",",,W",,
"USW00023272","SAN FRANCISCO DOWNTOWN, CA US","37.7705","-122.4269","45.7","2017-10-06","0.00",",,W,2400",,,,,,,"83",",,W","54",",,W",,
"USW00023272","SAN FRANCISCO DOWNTOWN, CA US","37.7705","-122.4269","45.7","2017-10-07","0.00",",,W,2400",,,,,,,"73",",,W","54",",,W",,
"USW00023272","SAN FRANCISCO DOWNTOWN, CA US","37.7705","-122.4269","45.7","2017-10-08","0.00",",,W,2400",,,,,,,"75",",,W","53",",,W",,
"USW00023272","SAN FRANCISCO DOWNTOWN, CA US","37.7705","-122.4269","45.7","2017-10-09","0.00",",,W,2400",,,,,,,"79",",,W","62",",,W",,
"USW00023272","SAN FRANCISCO DOWNTOWN, CA US","37.7705","-122.4269","45.7","2017-10-10","0.00",",,W,2400",,,,,,,"72",",,W","52",",,W",,
"USW00023272","SAN FRANCISCO DOWNTOWN, CA US","37.7705","-122.4269","45.7","2017-10-11","0.00",",,W,2400",,,,,,,"66",",,W","52",",,W",,
"USW00023272","SAN FRANCISCO DOWNTOWN, CA US","37.7705","-122.4269","45.7","2017-10-12","0.00",",,W,2400",,,,,,,"66",",,W","52",",,W",,
"USW00023272","SAN FRANCISCO DOWNTOWN, CA US","37.7705","-122.4269","45.7","2017-10-13","0.00",",,W,2400",,,,,,,"71",",,W","52",",,W",,
"USW00023272","SAN FRANCISCO DOWNTOWN, CA US","37.7705","-122.4269","45.7","2017-10-14","0.00",",,W,2400",,,,,,,"77",",,W","55",",,W",,
"USW00023272","SAN FRANCISCO DOWNTOWN, CA US","37.7705","-122.4269","45.7","2017-10-15","0.00",",,W,2400",,,,,,,"80",",,W","56",",,W",,
"USW00023272","SAN FRANCISCO DOWNTOWN, CA US","37.7705","-122.4269","45.7","2017-10-16","0.00",",,W,2400",,,,,,,"82",",,W","60",",,W",,
"USW00023272","SAN FRANCISCO DOWNTOWN, CA US","37.7705","-122.4269","45.7","2017-10-17","0.00",",,W,2400",,,,,,,"75",",,W","50",",,W",,
"USW00023272","SAN FRANCISCO DOWNTOWN, CA US","37.7705","-122.4269","45.7","2017-10-18","0.00",",,W,2400",,,,,,,"60",",,W","49",",,W",,
"USW00023272","SAN FRANCISCO DOWNTOWN, CA US","37.7705","-122.4269","45.7","2017-10-19","0.29",",,W,2400",,,,,,,"63",",,W","53",",,W",,
"USW00023272","SAN FRANCISCO DOWNTOWN, CA US","37.7705","-122.4269","45.7","2017-10-20","0.02",",,W,2400",,,,,,,"61",",,W","52",",,W",,
"USW00023272","SAN FRANCISCO DOWNTOWN, CA US","37.7705","-122.4269","45.7","2017-10-21","0.00",",,W,2400",,,,,,,"65",",,W","51",",,W",,
"USW00023272","SAN FRANCISCO DOWNTOWN, CA US","37.7705","-122.4269","45.7","2017-10-22","0.00",",,W,2400",,,,,,,"71",",,W","54",",,W",,
"USW00023272","SAN FRANCISCO DOWNTOWN, CA US","37.7705","-122.4269","45.7","2017-10-23","0.00",",,W,2400",,,,,,,"82",",,W","59",",,W",,
"USW00023272","SAN FRANCISCO DOWNTOWN, CA US","37.7705","-122.4269","45.7","2017-10-24","0.00",",,W,2400",,,,,,,"89",",,W","66",",,W",,
"USW00023272","SAN FRANCISCO DOWNTOWN, CA US","37.7705","-122.4269","45.7","2017-10-25","0.00",",,W,2400",,,,,,,"86",",,W","64",",,W",,
"USW00023272","SAN FRANCISCO DOWNTOWN, CA US","37.7705","-122.4269","45.7","2017-10-26","0.00",",,W,2400",,,,,,,"85",",,W","63",",,W",,
"USW00023272","SAN FRANCISCO DOWNTOWN, CA US","37.7705","-122.4269","45.7","2017-10-27","0.00",",,W,2400",,,,,,,"83",",,W","53",",,W",,
"USW00023272","SAN FRANCISCO DOWNTOWN, CA US","37.7705","-122.4269","45.7","2017-10-28","0.00",",,W,2400",,,,,,,"64",",,W","52",",,W",,
"USW00023272","SAN FRANCISCO DOWNTOWN, CA US","37.7705","-122.4269","45.7","2017-10-29","0.00",",,W,2400",,,,,,,"59",",,W","52",",,W",,
"USW00023272","SAN FRANCISCO DOWNTOWN, CA US","37.7705","-122.4269","45.7","2017-10-30","0.00",",,W,2400",,,,,,,"59",",,W","53",",,W",,
"USW00023272","SAN FRANCISCO DOWNTOWN, CA US","37.7705","-122.4269","45.7","2017-10-31","0.00",",,W,2400",,,,,,,"66",",,W","52",",,W",,
"USW00023272","SAN FRANCISCO DOWNTOWN, CA US","37.7705","-122.4269","45.7","2017-11-01","0.00",",,W,2400","0.0",",,W","0.0",",,W",,,"67",",,W","53",",,W",,
"USW00023272","SAN FRANCISCO DOWNTOWN, CA US","37.7705","-122.4269","45.7","2017-11-02","0.00",",,W,2400","0.0",",,W","0.0",",,W",,,"66",",,W","51",",,W",,
"USW00023272","SAN FRANCISCO DOWNTOWN, CA US","37.7705","-122.4269","45.7","2017-11-03","0.03",",,W,2400","0.0",",,W","0.0",",,W",,,"65",",,W","57",",,W",,
"USW00023272","SAN FRANCISCO DOWNTOWN, CA US","37.7705","-122.4269","45.7","2017-11-04","0.08",",,W,2400","0.0",",,W","0.0",",,W",,,"60",",,W","50",",,W",,
"USW00023272","SAN FRANCISCO DOWNTOWN, CA US","37.7705","-122.4269","45.7","2017-11-05","0.00",",,W,2400","0.0",",,W","0.0",",,W",,,"57",",,W","49",",,W",,
"USW00023272","SAN FRANCISCO DOWNTOWN, CA US","37.7705","-122.4269","45.7","2017-11-06","0.00",",,W,2400","0.0",",,W","0.0",",,W",,,"61",",,W","52",",,W",,
"USW00023272","SAN FRANCISCO DOWNTOWN, CA US","37.7705","-122.4269","45.7","2017-11-07","0.00",",,W,2400","0.0",",,W","0.0",",,W",,,"65",",,W","50",",,W",,
"USW00023272","SAN FRANCISCO DOWNTOWN, CA US","37.7705","-122.4269","45.7","2017-11-08","0.18",",,W,2400","0.0",",,W","0.0",",,W",,,"64",",,W","53",",,W",,
"USW00023272","SAN FRANCISCO DOWNTOWN, CA US","37.7705","-122.4269","45.7","2017-11-09","0.02",",,W,2400","0.0",",,W","0.0",",,W",,,"67",",,W","58",",,W",,
"USW00023272","SAN FRANCISCO DOWNTOWN, CA US","37.7705","-122.4269","45.7","2017-11-10","0.22",",,W,2400","0.0",",,W","0.0",",,W",,,"63",",,W","57",",,W",,
"USW00023272","SAN FRANCISCO DOWNTOWN, CA US","37.7705","-122.4269","45.7","2017-11-11","0.00",",,W,2400","0.0",",,W","0.0",",,W",,,"62",",,W","54",",,W",,
"USW00023272","SAN FRANCISCO DOWNTOWN, CA US","37.7705","-122.4269","45.7","2017-11-12","0.00",",,W,2400","0.0",",,W","0.0",",,W",,,"63",",,W","52",",,W",,
"USW00023272","SAN FRANCISCO DOWNTOWN, CA US","37.7705","-122.4269","45.7","2017-11-13","0.09",",,W,2400","0.0",",,W","0.0",",,W",,,"68",",,W","56",",,W",,
"USW00023272","SAN FRANCISCO DOWNTOWN, CA US","37.7705","-122.4269","45.7","2017-11-14","0.00",",,W,2400","0.0",",,W","0.0",",,W",,,"63",",,W","53",",,W",,
"USW00023272","SAN FRANCISCO DOWNTOWN, CA US","37.7705","-122.4269","45.7","2017-11-15","0.22",",,W,2400","0.0",",,W","0.0",",,W",,,"63",",,W","53",",,W",,
"USW00023272","SAN FRANCISCO DOWNTOWN, CA US","37.7705","-122.4269","45.7","2017-11-16","1.48",",,W,2400","0.0",",,W","0.0",",,W",,,"61",",,W","52",",,W",,
"USW00023272","SAN FRANCISCO DOWNTOWN, CA US","37.7705","-122.4269","45.7","2017-11-17","0.00",",,W,2400","0.0",",,W","0.0",",,W",,,"60",",,W","50",",,W",,
"USW00023272","SAN FRANCISCO DOWNTOWN, CA US","37.7705","-122.4269","45.7","2017-11-18","0.00",",,W,2400","0.0",",,W","0.0",",,W",,,"60",",,W","47",",,W",,
"USW00023272","SAN FRANCISCO DOWNTOWN, CA US","37.7705","-122.4269","45.7","2017-11-19","0.00",",,W,2400","0.0",",,W","0.0",",,W",,,"62",",,W","48",",,W",,
"USW00023272","SAN FRANCISCO DOWNTOWN, CA US","37.7705","-122.4269","45.7","2017-11-20","0.00",",,W,2400","0.0",",,W","0.0",",,W",,,"64",",,W","56",",,W",,
"USW00023272","SAN FRANCISCO DOWNTOWN, CA US","37.7705","-122.4269","45.7","2017-11-21","0.00",",,W,2400","0.0",",,W","0.0",",,W",,,"69",",,W","57",",,W",,
"USW00023272","SAN FRANCISCO DOWNTOWN, CA US","37.7705","-122.4269","45.7","2017-11-22","0.00",",,W,2400","0.0",",,W","0.0",",,W",,,"70",",,W","56",",,W",,
"USW00023272","SAN FRANCISCO DOWNTOWN, CA US","37.7705","-122.4269","45.7","2017-11-23","0.00",",,W,2400","0.0",",,W","0.0",",,W",,,"67",",,W","58",",,W",,
"USW00023272","SAN FRANCISCO DOWNTOWN, CA US","37.7705","-122.4269","45.7","2017-11-24","0.00",",,W,2400","0.0",",,W","0.0",",,W",,,"70",",,W","56",",,W",,
"USW00023272","SAN FRANCISCO DOWNTOWN, CA US","37.7705","-122.4269","45.7","2017-11-25","0.00",",,W,2400","0.0",",,W","0.0",",,W",,,"69",",,W","57",",,W",,
"USW00023272","SAN FRANCISCO DOWNTOWN, CA US","37.7705","-122.4269","45.7","2017-11-26","0.22",",,W,2400","0.0",",,W","0.0",",,W",,,"67",",,W","54",",,W",,
"USW00023272","SAN FRANCISCO DOWNTOWN, CA US","37.7705","-122.4269","45.7","2017-11-27","0.29",",,W,2400","0.0",",,W","0.0",",,W",,,"59",",,W","51",",,W",,
"USW00023272","SAN FRANCISCO DOWNTOWN, CA US","37.7705","-122.4269","45.7","2017-11-28","0.00",",,W,2400","0.0",",,W","0.0",",,W",,,"59",",,W","48",",,W",,
"USW00023272","SAN FRANCISCO DOWNTOWN, CA US","37.7705","-122.4269","45.7","2017-11-29","0.00",",,W,2400","0.0",",,W","0.0",",,W",,,"63",",,W","50",",,W",,
"USW00023272","SAN FRANCISCO DOWNTOWN, CA US","37.7705","-122.4269","45.7","2017-11-30","0.00",",,W,2400","0.0",",,W","0.0",",,W",,,"64",",,W","51",",,W",,
"USW00023272","SAN FRANCISCO DOWNTOWN, CA US","37.7705","-122.4269","45.7","2017-12-01","0.00",",,W,2400",,,,,,,"60",",,W","49",",,W",,
"USW00023272","SAN FRANCISCO DOWNTOWN, CA US","37.7705","-122.4269","45.7","2017-12-02","0.02",",,W,2400",,,,,,,"60",",,W","50",",,W",,
"USW00023272","SAN FRANCISCO DOWNTOWN, CA US","37.7705","-122.4269","45.7","2017-12-03","0.00",",,W,2400",,,,,,,"57",",,W","50",",,W",,
"USW00023272","SAN FRANCISCO DOWNTOWN, CA US","37.7705","-122.4269","45.7","2017-12-04","0.00",",,W,2400",,,,,,,"63",",,W","49",",,W",,
"USW00023272","SAN FRANCISCO DOWNTOWN, CA US","37.7705","-122.4269","45.7","2017-12-05","0.00",",,W,2400",,,,,,,"66",",,W","49",",,W",,
"USW00023272","SAN FRANCISCO DOWNTOWN, CA US","37.7705","-122.4269","45.7","2017-12-06","0.00",",,W,2400",,,,,,,"64",",,W","47",",,W",,
"USW00023272","SAN FRANCISCO DOWNTOWN, CA US","37.7705","-122.4269","45.7","2017-12-07","0.00",",,W,2400",,,,,,,"66",",,W","50",",,W",,
"USW00023272","SAN FRANCISCO DOWNTOWN, CA US","37.7705","-122.4269","45.7","2017-12-08","0.00",",,W,2400",,,,,,,"64",",,W","48",",,W",,
"USW00023272","SAN FRANCISCO DOWNTOWN, CA US","37.7705","-122.4269","45.7","2017-12-09","0.00",",,W,2400",,,,,,,"65",",,W","49",",,W",,
"USW00023272","SAN FRANCISCO DOWNTOWN, CA US","37.7705","-122.4269","45.7","2017-12-10","0.00",",,W,2400",,,,,,,"67",",,W","48",",,W",,
"USW00023272","SAN FRANCISCO DOWNTOWN, CA US","37.7705","-122.4269","45.7","2017-12-11","0.00",",,W,2400",,,,,,,"67",",,W","49",",,W",,
"USW00023272","SAN FRANCISCO DOWNTOWN, CA US","37.7705","-122.4269","45.7","2017-12-12","0.00",",,W,2400",,,,,,,"62",",,W","47",",,W",,
"USW00023272","SAN FRANCISCO DOWNTOWN, CA US","37.7705","-122.4269","45.7","2017-12-13","0.00",",,W,2400",,,,,,,"60",",,W","46",",,W",,
"USW00023272","SAN FRANCISCO DOWNTOWN, CA US","37.7705","-122.4269","45.7","2017-12-14","0.00",",,W,2400",,,,,,,"67",",,W","47",",,W",,
"USW00023272","SAN FRANCISCO DOWNTOWN, CA US","37.7705","-122.4269","45.7","2017-12-15","0.00",",,W,2400",,,,,,,"60",",,W","50",",,W",,
"USW00023272","SAN FRANCISCO DOWNTOWN, CA US","37.7705","-122.4269","45.7","2017-12-16","0.00",",,W,2400",,,,,,,"64",",,W","51",",,W",,
"USW00023272","SAN FRANCISCO DOWNTOWN, CA US","37.7705","-122.4269","45.7","2017-12-17","0.00",",,W,2400",,,,,,,"63",",,W","52",",,W",,
"USW00023272","SAN FRANCISCO DOWNTOWN, CA US","37.7705","-122.4269","45.7","2017-12-18","0.00",",,W,2400",,,,,,,"60",",,W","48",",,W",,
"USW00023272","SAN FRANCISCO DOWNTOWN, CA US","37.7705","-122.4269","45.7","2017-12-19","0.00",",,W,2400",,,,,,,"59",",,W","47",",,W",,
"USW00023272","SAN FRANCISCO DOWNTOWN, CA US","37.7705","-122.4269","45.7","2017-12-20","0.13",",,W,2400",,,,,,,"54",",,W","47",",,W",,
"USW00023272","SAN FRANCISCO DOWNTOWN, CA US","37.7705","-122.4269","45.7","2017-12-21","0.00",",,W,2400",,,,,,,"56",",,W","46",",,W",,
"USW00023272","SAN FRANCISCO DOWNTOWN, CA US","37.7705","-122.4269","45.7","2017-12-22","0.00",",,W,2400",,,,,,,"53",",,W","43",",,W",,
"USW00023272","SAN FRANCISCO DOWNTOWN, CA US","37.7705","-122.4269","45.7","2017-12-23","0.00",",,W,2400",,,,,,,"54",",,W","46",",,W",,
"USW00023272","SAN FRANCISCO DOWNTOWN, CA US","37.7705","-122.4269","45.7","2017-12-24","0.00",",,W,2400",,,,,,,"55",",,W","49",",,W",,
"USW00023272","SAN FRANCISCO DOWNTOWN, CA US","37.7705","-122.4269","45.7","2017-12-25","0.00",",,W,2400",,,,,,,"58",",,W","48",",,W",,
"USW00023272","SAN FRANCISCO DOWNTOWN, CA US","37.7705","-122.4269","45.7","2017-12-26","0.00",",,W,2400",,,,,,,"59",",,W","47",",,W",,
"USW00023272","SAN FRANCISCO DOWNTOWN, CA US","37.7705","-122.4269","45.7","2017-12-27","0.00",",,W,2400",,,,,,,"60",",,W","46",",,W",,
"USW00023272","SAN FRANCISCO DOWNTOWN, CA US","37.7705","-122.4269","45.7","2017-12-28","0.00",",,W,2400",,,,,,,"62",",,W","47",",,W",,
"USW00023272","SAN FRANCISCO DOWNTOWN, CA US","37.7705","-122.4269","45.7","2017-12-29","0.00",",,W,2400",,,,,,,"59",",,W","49",",,W",,
"USW00023272","SAN FRANCISCO DOWNTOWN, CA US","37.7705","-122.4269","45.7","2017-12-30","0.00",",,W,2400",,,,,,,"59",",,W","48",",,W",,
"USW00023272","SAN FRANCISCO DOWNTOWN, CA US","37.7705","-122.4269","45.7","2017-12-31","0.00",",,W,2400",,,,,,,"59",",,W","48",",,W",,
"USW00023272","SAN FRANCISCO DOWNTOWN, CA US","37.7705","-122.4269","45.7","2018-01-01","0.00",",,W,2400",,,,,,,"61",",,W","48",",,W",,
"USW00023272","SAN FRANCISCO DOWNTOWN, CA US","37.7705","-122.4269","45.7","2018-01-02","0.00",",,W,2400",,,,,,,"61",",,W","52",",,W",,
"USW00023272","SAN FRANCISCO DOWNTOWN, CA US","37.7705","-122.4269","45.7","2018-01-03","0.09",",,W,2400",,,,,,,"58",",,W","53",",,W",,
"USW00023272","SAN FRANCISCO DOWNTOWN, CA US","37.7705","-122.4269","45.7","2018-01-04","0.06",",,W,2400",,,,,,,"63",",,W","53",",,W",,
"USW00023272","SAN FRANCISCO DOWNTOWN, CA US","37.7705","-122.4269","45.7","2018-01-05","0.26",",,W,2400",,,,,,,"61",",,W","52",",,W",,
"USW00023272","SAN FRANCISCO DOWNTOWN, CA US","37.7705","-122.4269","45.7","2018-01-06","0.00",",,W,2400",,,,,,,"59",",,W","50",",,W",,
"USW00023272","SAN FRANCISCO DOWNTOWN, CA US","37.7705","-122.4269","45.7","2018-01-07","0.00",",,W,2400",,,,,,,"52",",,W","48",",,W",,
"USW00023272","SAN FRANCISCO DOWNTOWN, CA US","37.7705","-122.4269","45.7","2018-01-08","3.15",",,W,2400",,,,,,,"58",",,W","51",",,W",,
"USW00023272","SAN FRANCISCO DOWNTOWN, CA US","37.7705","-122.4269","45.7","2018-01-09","0.32",",,W,2400",,,,,,,"59",",,W","51",",,W",,
"USW00023272","SAN FRANCISCO DOWNTOWN, CA US","37.7705","-122.4269","45.7","2018-01-10","0.04",",,W,2400",,,,,,,"56",",,W","50",",,W",,
"USW00023272","SAN FRANCISCO DOWNTOWN, CA US","37.7705","-122.4269","45.7","2018-01-11","0.00",",,W,2400",,,,,,,"60",",,W","52",",,W",,
"USW00023272","SAN FRANCISCO DOWNTOWN, CA US","37.7705","-122.4269","45.7","2018-01-12","0.00",",,W,2400",,,,,,,"59",",,W","50",",,W",,
"USW00023272","SAN FRANCISCO DOWNTOWN, CA US","37.7705","-122.4269","45.7","2018-01-13","0.00",",,W,2400",,,,,,,"63",",,W","47",",,W",,
"USW00023272","SAN FRANCISCO DOWNTOWN, CA US","37.7705","-122.4269","45.7","2018-01-14","0.00",",,W,2400",,,,,,,"58",",,W","49",",,W",,
"USW00023272","SAN FRANCISCO DOWNTOWN, CA US","37.7705","-122.4269","45.7","2018-01-15","0.00",",,W,2400",,,,,,,"62",",,W","49",",,W",,
"USW00023272","SAN FRANCISCO DOWNTOWN, CA US","37.7705","-122.4269","45.7","2018-01-16","0.02",",,W,2400",,,,,,,"60",",,W","54",",,W",,
"USW00023272","SAN FRANCISCO DOWNTOWN, CA US","37.7705","-122.4269","45.7","2018-01-17","0.00",",,W,2400",,,,,,,"59",",,W","53",",,W",,
"USW00023272","SAN FRANCISCO DOWNTOWN, CA US","37.7705","-122.4269","45.7","2018-01-18","0.43",",,W,2400",,,,,,,"56",",,W","50",",,W",,
"USW00023272","SAN FRANCISCO DOWNTOWN, CA US","37.7705","-122.4269","45.7","2018-01-19","0.02",",,W,2400",,,,,,,"57",",,W","48",",,W",,
"USW00023272","SAN FRANCISCO DOWNTOWN, CA US","37.7705","-122.4269","45.7","2018-01-20","0.00",",,W,2400",,,,,,,"57",",,W","43",",,W",,
"USW00023272","SAN FRANCISCO DOWNTOWN, CA US","37.7705","-122.4269","45.7","2018-01-21","0.02",",,W,2400",,,,,,,"57",",,W","45",",,W",,
"USW00023272","SAN FRANCISCO DOWNTOWN, CA US","37.7705","-122.4269","45.7","2018-01-22","0.30",",,W,2400",,,,,,,"58",",,W","50",",,W",,
"USW00023272","SAN FRANCISCO DOWNTOWN, CA US","37.7705","-122.4269","45.7","2018-01-23","0.00",",,W,2400",,,,,,,"58",",,W","46",",,W",,
"USW00023272","SAN FRANCISCO DOWNTOWN, CA US","37.7705","-122.4269","45.7","2018-01-24","0.42",",,W,2400",,,,,,,"58",",,W","48",",,W",,
"USW00023272","SAN FRANCISCO DOWNTOWN, CA US","37.7705","-122.4269","45.7","2018-01-25","0.08",",,W,2400",,,,,,,"58",",,W","46",",,W",,
"USW00023272","SAN FRANCISCO DOWNTOWN, CA US","37.7705","-122.4269","45.7","2018-01-26","0.00",",,W,2400",,,,,,,"56",",,W","45",",,W",,
"USW00023272","SAN FRANCISCO DOWNTOWN, CA US","37.7705","-122.4269","45.7","2018-01-27","0.00",",,W,2400",,,,,,,"60",",,W","45",",,W",,
"USW00023272","SAN FRANCISCO DOWNTOWN, CA US","37.7705","-122.4269","45.7","2018-01-28","0.00",",,W,2400",,,,,,,"66",",,W","47",",,W",,
"USW00023272","SAN FRANCISCO DOWNTOWN, CA US","37.7705","-122.4269","45.7","2018-01-29","0.00",",,W,2400",,,,,,,"63",",,W","52",",,W",,
"USW00023272","SAN FRANCISCO DOWNTOWN, CA US","37.7705","-122.4269","45.7","2018-01-30","0.00",",,W,2400",,,,,,,"65",",,W","50",",,W",,
"USW00023272","SAN FRANCISCO DOWNTOWN, CA US","37.7705","-122.4269","45.7","2018-01-31","0.00",",,W,2400",,,,,,,"67",",,W","50",",,W",,
"USW00023272","SAN FRANCISCO DOWNTOWN, CA US","37.7705","-122.4269","45.7","2018-02-01","0.00",",,W,2400",,,,,,,"71",",,W","53",",,W",,
"USW00023272","SAN FRANCISCO DOWNTOWN, CA US","37.7705","-122.4269","45.7","2018-02-02","0.00",",,W,2400",,,,,,,"73",",,W","54",",,W",,
"USW00023272","SAN FRANCISCO DOWNTOWN, CA US","37.7705","-122.4269","45.7","2018-02-03","0.00",",,W,2400",,,,,,,"74",",,W","54",",,W",,
"USW00023272","SAN FRANCISCO DOWNTOWN, CA US","37.7705","-122.4269","45.7","2018-02-04","0.00",",,W,2400",,,,,,,"74",",,W","57",",,W",,
"USW00023272","SAN FRANCISCO DOWNTOWN, CA US","37.7705","-122.4269","45.7","2018-02-05","0.00",",,W,2400",,,,,,,"77",",,W","54",",,W",,
"USW00023272","SAN FRANCISCO DOWNTOWN, CA US","37.7705","-122.4269","45.7","2018-02-06","0.00",",,W,2400",,,,,,,"75",",,W","54",",,W",,
"USW00023272","SAN FRANCISCO DOWNTOWN, CA US","37.7705","-122.4269","45.7","2018-02-07","0.00",",,W,2400",,,,,,,"71",",,W","55",",,W",,
"USW00023272","SAN FRANCISCO DOWNTOWN, CA US","37.7705","-122.4269","45.7","2018-02-08","0.00",",,W,2400",,,,,,,"74",",,W","54",",,W",,
"USW00023272","SAN FRANCISCO DOWNTOWN, CA US","37.7705","-122.4269","45.7","2018-02-09","0.00",",,W,2400",,,,,,,"76",",,W","54",",,W",,
"USW00023272","SAN FRANCISCO DOWNTOWN, CA US","37.7705","-122.4269","45.7","2018-02-10","0.00",",,W,2400",,,,,,,"68",",,W","52",",,W",,
"USW00023272","SAN FRANCISCO DOWNTOWN, CA US","37.7705","-122.4269","45.7","2018-02-11","0.00",",,W,2400",,,,,,,"61",",,W","48",",,W",,
"USW00023272","SAN FRANCISCO DOWNTOWN, CA US","37.7705","-122.4269","45.7","2018-02-12","0.00",",,W,2400",,,,,,,"57",",,W","47",",,W",,
"USW00023272","SAN FRANCISCO DOWNTOWN, CA US","37.7705","-122.4269","45.7","2018-02-13","0.00",",,W,2400",,,,,,,"63",",,W","50",",,W",,
"USW00023272","SAN FRANCISCO DOWNTOWN, CA US","37.7705","-122.4269","45.7","2018-02-14","0.00",",,W,2400",,,,,,,"58",",,W","47",",,W",,
"USW00023272","SAN FRANCISCO DOWNTOWN, CA US","37.7705","-122.4269","45.7","2018-02-15","0.00",",,W,2400",,,,,,,"63",",,W","46",",,W",,
"USW00023272","SAN FRANCISCO DOWNTOWN, CA US","37.7705","-122.4269","45.7","2018-02-16","0.00",",,W,2400",,,,,,,"65",",,W","46",",,W",,
"USW00023272","SAN FRANCISCO DOWNTOWN, CA US","37.7705","-122.4269","45.7","2018-02-17","0.00",",,W,2400",,,,,,,"67",",,W","48",",,W",,
"USW00023272","SAN FRANCISCO DOWNTOWN, CA US","37.7705","-122.4269","45.7","2018-02-18","0.00",",,W,2400",,,,,,,"53",",,W","44",",,W",,
"USW00023272","SAN FRANCISCO DOWNTOWN, CA US","37.7705","-122.4269","45.7","2018-02-19","0.00",",,W,2400",,,,,,,"51",",,W","41",",,W",,
"USW00023272","SAN FRANCISCO DOWNTOWN, CA US","37.7705","-122.4269","45.7","2018-02-20","0.00",",,W,2400",,,,,,,"52",",,W","40",",,W",,
"USW00023272","SAN FRANCISCO DOWNTOWN, CA US","37.7705","-122.4269","45.7","2018-02-21","0.00",",,W,2400",,,,,,,"55",",,W","43",",,W",,
"USW00023272","SAN FRANCISCO DOWNTOWN, CA US","37.7705","-122.4269","45.7","2018-02-22","0.01",",,W,2400",,,,,,,"52",",,W","44",",,W",,
"USW00023272","SAN FRANCISCO DOWNTOWN, CA US","37.7705","-122.4269","45.7","2018-02-23","0.00",",,W,2400",,,,,,,"52",",,W","40",",,W",,
"USW00023272","SAN FRANCISCO DOWNTOWN, CA US","37.7705","-122.4269","45.7","2018-02-24","0.00",",,W,2400",,,,,,,"54",",,W","41",",,W",,
"USW00023272","SAN FRANCISCO DOWNTOWN, CA US","37.7705","-122.4269","45.7","2018-02-25","0.00",",,W,2400",,,,,,,"58",",,W","43",",,W",,
"USW00023272","SAN FRANCISCO DOWNTOWN, CA US","37.7705","-122.4269","45.7","2018-02-26","0.20",",,W,2400",,,,,,,"51",",,W","44",",,W",,
"USW00023272","SAN FRANCISCO DOWNTOWN, CA US","37.7705","-122.4269","45.7","2018-02-27","0.00",",,W,2400",,,,,,,"56",",,W","44",",,W",,
"USW00023272","SAN FRANCISCO DOWNTOWN, CA US","37.7705","-122.4269","45.7","2018-02-28","0.21",",,W,2400",,,,,,,"55",",,W","45",",,W",,
"USW00023272","SAN FRANCISCO DOWNTOWN, CA US","37.7705","-122.4269","45.7","2018-03-01","0.83",",,W,2400",,,"0.0",",,W",,,"58",",,W","46",",,W",,
"USW00023272","SAN FRANCISCO DOWNTOWN, CA US","37.7705","-122.4269","45.7","2018-03-02","0.18",",,W,2400",,,"0.0",",,W",,,"53",",,W","44",",,W",,
"USW00023272","SAN FRANCISCO DOWNTOWN, CA US","37.7705","-122.4269","45.7","2018-03-03","0.07",",,W,2400","0.0",",,W","0.0",",,W",,,"53",",,W","44",",,W",,
"USW00023272","SAN FRANCISCO DOWNTOWN, CA US","37.7705","-122.4269","45.7","2018-03-04","0.00",",,W,2400","0.0",",,W","0.0",",,W",,,"55",",,W","42",",,W",,
"USW00023272","SAN FRANCISCO DOWNTOWN, CA US","37.7705","-122.4269","45.7","2018-03-05","0.00",",,W,2400","0.0",",,W","0.0",",,W",,,"61",",,W","44",",,W",,
"USW00023272","SAN FRANCISCO DOWNTOWN, CA US","37.7705","-122.4269","45.7","2018-03-06","0.00",",,W,2400","0.0",",,W","0.0",",,W",,,"66",",,W","47",",,W",,
"USW00023272","SAN FRANCISCO DOWNTOWN, CA US","37.7705","-122.4269","45.7","2018-03-07","0.02",",,W,2400","0.0",",,W","0.0",",,W",,,"69",",,W","53",",,W",,
"USW00023272","SAN FRANCISCO DOWNTOWN, CA US","37.7705","-122.4269","45.7","2018-03-08","0.05",",,W,2400",,,"0.0",",,W",,,"60",",,W","49",",,W",,
"USW00023272","SAN FRANCISCO DOWNTOWN, CA US","37.7705","-122.4269","45.7","2018-03-09","0.00",",,W,2400","0.0",",,W","0.0",",,W",,,"60",",,W","47",",,W",,
"USW00023272","SAN FRANCISCO DOWNTOWN, CA US","37.7705","-122.4269","45.7","2018-03-10","0.00",",,W,2400","0.0",",,W","0.0",",,W",,,"58",",,W","47",",,W",,
"USW00023272","SAN FRANCISCO DOWNTOWN, CA US","37.7705","-122.4269","45.7","2018-03-11","0.00",",,W,2400","0.0",",,W","0.0",",,W",,,"69",",,W","47",",,W",,
"USW00023272","SAN FRANCISCO DOWNTOWN, CA US","37.7705","-122.4269","45.7","2018-03-12","0.27",",,W,2400",,,"0.0",",,W",,,"67",",,W","49",",,W",,
"USW00023272","SAN FRANCISCO DOWNTOWN, CA US","37.7705","-122.4269","45.7","2018-03-13","0.55",",,W,2400",,,"0.0",",,W",,,"61",",,W","49",",,W",,
"USW00023272","SAN FRANCISCO DOWNTOWN, CA US","37.7705","-122.4269","45.7","2018-03-14","0.15",",,W,2400",,,"0.0",",,W",,,"58",",,W","48",",,W",,
"USW00023272","SAN FRANCISCO DOWNTOWN, CA US","37.7705","-122.4269","45.7","2018-03-15","0.65",",,W,2400",,,"0.0",",,W",,,"56",",,W","45",",,W",,
"USW00023272","SAN FRANCISCO DOWNTOWN, CA US","37.7705","-122.4269","45.7","2018-03-16","0.16",",,W,2400",,,"0.0",",,W",,,"54",",,W","45",",,W",,
"USW00023272","SAN FRANCISCO DOWNTOWN, CA US","37.7705","-122.4269","45.7","2018-03-17","0.03",",,W,2400",,,"0.0",",,W",,,"57",",,W","45",",,W",,
"USW00023272","SAN FRANCISCO DOWNTOWN, CA US","37.7705","-122.4269","45.7","2018-03-18","0.00",",,W,2400","0.0",",,W","0.0",",,W",,,"56",",,W","45",",,W",,
"USW00023272","SAN FRANCISCO DOWNTOWN, CA US","37.7705","-122.4269","45.7","2018-03-19","0.00",",,W,2400","0.0",",,W","0.0",",,W",,,"64",",,W","47",",,W",,
"USW00023272","SAN FRANCISCO DOWNTOWN, CA US","37.7705","-122.4269","45.7","2018-03-20","0.77",",,W,2400","0.0",",,W","0.0",",,W",,,"59",",,W","51",",,W",,
"USW00023272","SAN FRANCISCO DOWNTOWN, CA US","37.7705","-122.4269","45.7","2018-03-21","0.35",",,W,2400","0.0",",,W","0.0",",,W",,,"64",",,W","53",",,W",,
"USW00023272","SAN FRANCISCO DOWNTOWN, CA US","37.7705","-122.4269","45.7","2018-03-22","0.32",",,W,2400","0.0",",,W","0.0",",,W",,,"60",",,W","48",",,W",,
"USW00023272","SAN FRANCISCO DOWNTOWN, CA US","37.7705","-122.4269","45.7","2018-03-23","0.00",",,W,2400","0.0",",,W","0.0",",,W",,,"58",",,W","46",",,W",,
"USW00023272","SAN FRANCISCO DOWNTOWN, CA US","37.7705","-122.4269","45.7","2018-03-24","0.07",",,W,2400","0.0",",,W","0.0",",,W",,,"55",",,W","46",",,W",,
"USW00023272","SAN FRANCISCO DOWNTOWN, CA US","37.7705","-122.4269","45.7","2018-04-01","0.00",",,H,2400",,,,,,,"65",",,H","51",",,H",,
"USW00023272","SAN FRANCISCO DOWNTOWN, CA US","37.7705","-122.4269","45.7","2018-04-02","0.00",",,H,2400",,,,,,,"63",",,H","51",",,H",,
"USW00023272","SAN FRANCISCO DOWNTOWN, CA US","37.7705","-122.4269","45.7","2018-04-03","0.00",",,H,2400",,,,,,,"59",",,H","49",",,H",,
"USW00023272","SAN FRANCISCO DOWNTOWN, CA US","37.7705","-122.4269","45.7","2018-04-04","0.00",",,H,2400",,,,,,,"60",",,H","51",",,H",,
"USW00023272","SAN FRANCISCO DOWNTOWN, CA US","37.7705","-122.4269","45.7","2018-04-05",,,,,,,,,"61",",,H","52",",,H","56",",,H,2400"
"USW00023272","SAN FRANCISCO DOWNTOWN, CA US","37.7705","-122.4269","45.7","2018-04-06",,,,,,,,,"61",",,H","55",",,H",,
"USW00023272","SAN FRANCISCO DOWNTOWN, CA US","37.7705","-122.4269","45.7","2018-04-07","1.07",",,H,2400",,,,,,,"62",",,H","54",",,H",,
"USW00023272","SAN FRANCISCO DOWNTOWN, CA US","37.7705","-122.4269","45.7","2018-04-08","0.00",",,H,2400",,,,,,,"61",",,H","50",",,H",,
"USW00023272","SAN FRANCISCO DOWNTOWN, CA US","37.7705","-122.4269","45.7","2018-04-09","0.00",",,H,2400",,,,,,,"74",",,H","52",",,H",,
"USW00023272","SAN FRANCISCO DOWNTOWN, CA US","37.7705","-122.4269","45.7","2018-04-10","0.00",",,H,2400",,,,,,,"63",",,H","52",",,H",,
"USW00023272","SAN FRANCISCO DOWNTOWN, CA US","37.7705","-122.4269","45.7","2018-04-11",,,,,,,,,"60",",,H","49",",,H",,
"USW00023272","SAN FRANCISCO DOWNTOWN, CA US","37.7705","-122.4269","45.7","2018-04-12",,,,,,,,,"57",",,H","48",",,H",,
"USW00023272","SAN FRANCISCO DOWNTOWN, CA US","37.7705","-122.4269","45.7","2018-04-13","0.00",",,H,2400",,,,,,,"63",",,H","49",",,H","55",",,H,2400"
"USW00023272","SAN FRANCISCO DOWNTOWN, CA US","37.7705","-122.4269","45.7","2018-04-14","0.00",",,H,2400",,,,,,,"68",",,H","52",",,H",,
"USW00023272","SAN FRANCISCO DOWNTOWN, CA US","37.7705","-122.4269","45.7","2018-04-15",,,,,,,,,"60",",,H","50",",,H",,
"USW00023272","SAN FRANCISCO DOWNTOWN, CA US","37.7705","-122.4269","45.7","2018-04-16",,,,,,,,,"55",",,H","45",",,H",,
"USW00023272","SAN FRANCISCO DOWNTOWN, CA US","37.7705","-122.4269","45.7","2018-04-17",,,,,,,,,"61",",,H","45",",,H","50",",,H,2400"
"USW00023272","SAN FRANCISCO DOWNTOWN, CA US","37.7705","-122.4269","45.7","2018-04-18","0.00",",,H,2400",,,,,,,"57",",,H","49",",,H",,
"USW00023272","SAN FRANCISCO DOWNTOWN, CA US","37.7705","-122.4269","45.7","2018-04-19","0.00",",,H,2400",,,,,,,"60",",,H","47",",,H",,
"USW00023272","SAN FRANCISCO DOWNTOWN, CA US","37.7705","-122.4269","45.7","2018-04-20","0.00",",,H,2400",,,,,,,"65",",,H","49",",,H",,
"USW00023272","SAN FRANCISCO DOWNTOWN, CA US","37.7705","-122.4269","45.7","2018-04-21","0.00",",,H,2400",,,,,,,"71",",,H","49",",,H",,
"USW00023272","SAN FRANCISCO DOWNTOWN, CA US","37.7705","-122.4269","45.7","2018-04-22","0.00",",,H,2400",,,,,,,"72",",,H","49",",,H",,
"USW00023272","SAN FRANCISCO DOWNTOWN, CA US","37.7705","-122.4269","45.7","2018-04-23","0.00",",,H,2400",,,,,,,,,,,"59",",,H,2400"
